model,target,feature,importance
random_forest,target_total_fantasy_points,prior_year_total_fantasy_points,0.417113282181341
random_forest,target_total_fantasy_points,prior_year_expected_fantasy_points,0.12888763036746165
random_forest,target_total_fantasy_points,multi_year_weighted_points_per_game,0.07755796300420802
random_forest,target_total_fantasy_points,prior_year_points_per_game,0.04696201757241277
random_forest,target_total_fantasy_points,age,0.033037645715582466
random_forest,target_total_fantasy_points,prior_year_replacement_adjusted_points,0.023634544395454912
random_forest,target_total_fantasy_points,career_points_per_game,0.01814222470808409
random_forest,target_total_fantasy_points,recent_5_points_per_game,0.01308926116662857
random_forest,target_total_fantasy_points,prior_team_points_per_game,0.012974725378008404
random_forest,target_total_fantasy_points,recent_usage_trend,0.012360470391033617
random_forest,target_total_fantasy_points,career_games_missed_rate,0.011946651936765388
random_forest,target_total_fantasy_points,prior_year_expected_points_per_game,0.011589765028620178
random_forest,target_total_fantasy_points,prior_year_snap_share_std_dev,0.011447207295629895
random_forest,target_total_fantasy_points,prior_team_offensive_plays_per_game,0.010204551885371465
random_forest,target_total_fantasy_points,prior_year_usage_std_dev,0.010196372567299414
random_forest,target_total_fantasy_points,prior_year_fantasy_points_over_expected,0.010105191975885865
random_forest,target_total_fantasy_points,prior_year_positional_finish,0.00987588166370584
random_forest,target_total_fantasy_points,prior_year_weekly_std_dev,0.00923400186023167
random_forest,target_total_fantasy_points,recent_production_trend,0.009014930707969585
random_forest,target_total_fantasy_points,prior_team_pass_rate,0.008910869719276947
random_forest,target_total_fantasy_points,age_x_prior_missed_rate,0.008886856671189864
random_forest,target_total_fantasy_points,prior_team_rush_rate,0.008842943545805022
random_forest,target_total_fantasy_points,multi_year_weighted_snap_share,0.008664297696573361
random_forest,target_total_fantasy_points,prior_year_coefficient_of_variation,0.008517658645567647
random_forest,target_total_fantasy_points,years_experience,0.007859967231479522
random_forest,target_total_fantasy_points,prior_year_snap_share,0.007589404273427145
random_forest,target_total_fantasy_points,prior_year_receptions_per_game,0.007514159689907983
random_forest,target_total_fantasy_points,prior_year_carries_per_game,0.007390778039076015
random_forest,target_total_fantasy_points,multi_year_weighted_opportunities_per_game,0.007377918022228929
random_forest,target_total_fantasy_points,prior_year_targets_per_game,0.006961496105768422
random_forest,target_total_fantasy_points,recent_5_opportunities_per_game,0.006043290005913172
random_forest,target_total_fantasy_points,prior_year_bust_week_rate,0.005415328146224249
random_forest,target_total_fantasy_points,prior_year_opportunities_per_game,0.00535471043146927
random_forest,target_total_fantasy_points,prior_year_boom_week_rate,0.00466656325670045
random_forest,target_total_fantasy_points,career_seasons,0.003264356685305415
random_forest,target_total_fantasy_points,prior_year_injury_report_weeks,0.0025561876729459083
random_forest,target_total_fantasy_points,prior_year_passing_attempts_per_game,0.0020231155896943756
random_forest,target_total_fantasy_points,prior_year_games_missed_rate,0.0018848683067039576
random_forest,target_total_fantasy_points,prior_year_games_played,0.0011381599592357133
random_forest,target_total_fantasy_points,prior_year_games_missed,0.0009811080232228744
random_forest,target_total_fantasy_points,position_WR,0.0003179555462273252
random_forest,target_total_fantasy_points,position_TE,0.00023138993397228962
random_forest,target_total_fantasy_points,position_RB,0.00021576158155551116
random_forest,target_total_fantasy_points,position_QB,1.4257653637766263e-05
random_forest,target_total_fantasy_points,missingindicator_prior_year_expected_fantasy_points,8.497223729053944e-07
random_forest,target_total_fantasy_points,missingindicator_prior_year_expected_points_per_game,8.118752935780711e-07
random_forest,target_total_fantasy_points,missingindicator_prior_year_fantasy_points_over_expected,6.161675296040795e-07
random_forest,target_total_fantasy_points,missingindicator_multi_year_weighted_snap_share,0.0
random_forest,target_total_fantasy_points,missingindicator_prior_year_snap_share,0.0
random_forest,target_total_fantasy_points,missingindicator_prior_year_snap_share_std_dev,0.0
boosting_squared,target_total_fantasy_points,prior_year_total_fantasy_points,0.6678189358577328
boosting_squared,target_total_fantasy_points,multi_year_weighted_points_per_game,0.08348361603604505
boosting_squared,target_total_fantasy_points,recent_5_points_per_game,0.05659204360340567
boosting_squared,target_total_fantasy_points,age,0.041216652553501876
boosting_squared,target_total_fantasy_points,prior_year_points_per_game,0.031246338784498555
boosting_squared,target_total_fantasy_points,prior_year_expected_fantasy_points,0.02398344306786654
boosting_squared,target_total_fantasy_points,career_points_per_game,0.01924477977254611
boosting_squared,target_total_fantasy_points,career_games_missed_rate,0.012383137285749916
boosting_squared,target_total_fantasy_points,prior_year_expected_points_per_game,0.011913976528302115
boosting_squared,target_total_fantasy_points,multi_year_weighted_snap_share,0.008190339037895818
boosting_squared,target_total_fantasy_points,prior_year_replacement_adjusted_points,0.007111219760381705
boosting_squared,target_total_fantasy_points,prior_year_weekly_std_dev,0.004938532774820738
boosting_squared,target_total_fantasy_points,age_x_prior_missed_rate,0.0039274843916157496
boosting_squared,target_total_fantasy_points,recent_5_opportunities_per_game,0.0035741108744020067
boosting_squared,target_total_fantasy_points,prior_team_rush_rate,0.003518607997675969
boosting_squared,target_total_fantasy_points,prior_team_pass_rate,0.002523230571015821
boosting_squared,target_total_fantasy_points,prior_team_points_per_game,0.0024529649896179793
boosting_squared,target_total_fantasy_points,prior_year_targets_per_game,0.0023000451528510566
boosting_squared,target_total_fantasy_points,recent_usage_trend,0.002009120387860016
boosting_squared,target_total_fantasy_points,prior_year_receptions_per_game,0.0017165953006894382
boosting_squared,target_total_fantasy_points,prior_year_usage_std_dev,0.0016476749375922025
boosting_squared,target_total_fantasy_points,multi_year_weighted_opportunities_per_game,0.0014244304117712976
boosting_squared,target_total_fantasy_points,prior_year_carries_per_game,0.0010223496301299557
boosting_squared,target_total_fantasy_points,prior_year_positional_finish,0.000999439822724602
boosting_squared,target_total_fantasy_points,recent_production_trend,0.0009192264798887479
boosting_squared,target_total_fantasy_points,years_experience,0.0009072769381105572
boosting_squared,target_total_fantasy_points,prior_year_passing_attempts_per_game,0.0008688446799372031
boosting_squared,target_total_fantasy_points,prior_year_opportunities_per_game,0.0007808171506461161
boosting_squared,target_total_fantasy_points,prior_year_coefficient_of_variation,0.0005340108079316834
boosting_squared,target_total_fantasy_points,prior_year_snap_share,0.0002283761258280345
boosting_squared,target_total_fantasy_points,prior_year_boom_week_rate,0.00022135661141880247
boosting_squared,target_total_fantasy_points,prior_year_injury_report_weeks,0.0002033517562929961
boosting_squared,target_total_fantasy_points,prior_year_snap_share_std_dev,4.073933724693846e-05
boosting_squared,target_total_fantasy_points,prior_year_fantasy_points_over_expected,3.865066428140434e-05
boosting_squared,target_total_fantasy_points,prior_year_games_missed,1.8279917724485637e-05
boosting_squared,target_total_fantasy_points,career_seasons,0.0
boosting_squared,target_total_fantasy_points,prior_year_games_played,0.0
boosting_squared,target_total_fantasy_points,prior_year_games_missed_rate,0.0
boosting_squared,target_total_fantasy_points,prior_year_bust_week_rate,0.0
boosting_squared,target_total_fantasy_points,prior_team_offensive_plays_per_game,0.0
boosting_squared,target_total_fantasy_points,missingindicator_prior_year_expected_fantasy_points,0.0
boosting_squared,target_total_fantasy_points,missingindicator_prior_year_expected_points_per_game,0.0
boosting_squared,target_total_fantasy_points,missingindicator_prior_year_fantasy_points_over_expected,0.0
boosting_squared,target_total_fantasy_points,missingindicator_prior_year_snap_share,0.0
boosting_squared,target_total_fantasy_points,missingindicator_prior_year_snap_share_std_dev,0.0
boosting_squared,target_total_fantasy_points,missingindicator_multi_year_weighted_snap_share,0.0
boosting_squared,target_total_fantasy_points,position_QB,0.0
boosting_squared,target_total_fantasy_points,position_RB,0.0
boosting_squared,target_total_fantasy_points,position_TE,0.0
boosting_squared,target_total_fantasy_points,position_WR,0.0
boosting_huber,target_total_fantasy_points,prior_year_total_fantasy_points,0.7310298270334209
boosting_huber,target_total_fantasy_points,recent_5_points_per_game,0.04336036365356861
boosting_huber,target_total_fantasy_points,multi_year_weighted_points_per_game,0.0426940524181777
boosting_huber,target_total_fantasy_points,age,0.0422636141119849
boosting_huber,target_total_fantasy_points,prior_year_replacement_adjusted_points,0.04142145475739813
boosting_huber,target_total_fantasy_points,career_points_per_game,0.014530695757104818
boosting_huber,target_total_fantasy_points,career_games_missed_rate,0.014138788841260665
boosting_huber,target_total_fantasy_points,prior_year_expected_fantasy_points,0.012927467725631261
boosting_huber,target_total_fantasy_points,multi_year_weighted_snap_share,0.008304707988419872
boosting_huber,target_total_fantasy_points,prior_year_points_per_game,0.00759676359736302
boosting_huber,target_total_fantasy_points,age_x_prior_missed_rate,0.006092722649157432
boosting_huber,target_total_fantasy_points,prior_team_points_per_game,0.0046599020760161
boosting_huber,target_total_fantasy_points,prior_year_weekly_std_dev,0.004628345144081722
boosting_huber,target_total_fantasy_points,prior_year_targets_per_game,0.0036039051789294244
boosting_huber,target_total_fantasy_points,prior_year_positional_finish,0.0027009387680395195
boosting_huber,target_total_fantasy_points,prior_team_rush_rate,0.0025847465479295027
boosting_huber,target_total_fantasy_points,prior_team_pass_rate,0.0021447072925210573
boosting_huber,target_total_fantasy_points,recent_usage_trend,0.0021115972182082043
boosting_huber,target_total_fantasy_points,prior_year_carries_per_game,0.001963840138972756
boosting_huber,target_total_fantasy_points,prior_year_boom_week_rate,0.0018192449130085692
boosting_huber,target_total_fantasy_points,prior_year_expected_points_per_game,0.0014110517253278197
boosting_huber,target_total_fantasy_points,prior_year_usage_std_dev,0.0013144794828737648
boosting_huber,target_total_fantasy_points,prior_year_receptions_per_game,0.0012437253522302922
boosting_huber,target_total_fantasy_points,prior_year_snap_share,0.0011573131158733358
boosting_huber,target_total_fantasy_points,years_experience,0.0009434194565813886
boosting_huber,target_total_fantasy_points,recent_production_trend,0.0008443448923467413
boosting_huber,target_total_fantasy_points,multi_year_weighted_opportunities_per_game,0.0005744766133146348
boosting_huber,target_total_fantasy_points,prior_year_fantasy_points_over_expected,0.0004726134652937687
boosting_huber,target_total_fantasy_points,prior_year_coefficient_of_variation,0.00045042608293652703
boosting_huber,target_total_fantasy_points,recent_5_opportunities_per_game,0.0004046392256172423
boosting_huber,target_total_fantasy_points,prior_year_passing_attempts_per_game,0.00027674326286282935
boosting_huber,target_total_fantasy_points,prior_year_games_played,0.00021222785015551692
boosting_huber,target_total_fantasy_points,career_seasons,0.00011685366339202369
boosting_huber,target_total_fantasy_points,prior_year_injury_report_weeks,0.0
boosting_huber,target_total_fantasy_points,prior_year_games_missed_rate,0.0
boosting_huber,target_total_fantasy_points,prior_year_games_missed,0.0
boosting_huber,target_total_fantasy_points,prior_year_bust_week_rate,0.0
boosting_huber,target_total_fantasy_points,prior_year_opportunities_per_game,0.0
boosting_huber,target_total_fantasy_points,prior_year_snap_share_std_dev,0.0
boosting_huber,target_total_fantasy_points,prior_team_offensive_plays_per_game,0.0
boosting_huber,target_total_fantasy_points,missingindicator_prior_year_expected_fantasy_points,0.0
boosting_huber,target_total_fantasy_points,missingindicator_prior_year_expected_points_per_game,0.0
boosting_huber,target_total_fantasy_points,missingindicator_prior_year_fantasy_points_over_expected,0.0
boosting_huber,target_total_fantasy_points,missingindicator_prior_year_snap_share,0.0
boosting_huber,target_total_fantasy_points,missingindicator_prior_year_snap_share_std_dev,0.0
boosting_huber,target_total_fantasy_points,missingindicator_multi_year_weighted_snap_share,0.0
boosting_huber,target_total_fantasy_points,position_QB,0.0
boosting_huber,target_total_fantasy_points,position_RB,0.0
boosting_huber,target_total_fantasy_points,position_TE,0.0
boosting_huber,target_total_fantasy_points,position_WR,0.0
boosting_absolute,target_total_fantasy_points,prior_year_total_fantasy_points,0.6165260113434968
boosting_absolute,target_total_fantasy_points,age_x_prior_missed_rate,0.13106039734440064
boosting_absolute,target_total_fantasy_points,prior_year_expected_fantasy_points,0.06477181550900435
boosting_absolute,target_total_fantasy_points,multi_year_weighted_points_per_game,0.047142633701907265
boosting_absolute,target_total_fantasy_points,age,0.04361125429289265
boosting_absolute,target_total_fantasy_points,prior_year_replacement_adjusted_points,0.027681742503557667
boosting_absolute,target_total_fantasy_points,prior_team_points_per_game,0.015874818934405958
boosting_absolute,target_total_fantasy_points,career_games_missed_rate,0.008600290608243666
boosting_absolute,target_total_fantasy_points,prior_year_points_per_game,0.008037125743202086
boosting_absolute,target_total_fantasy_points,multi_year_weighted_snap_share,0.007756575859238668
boosting_absolute,target_total_fantasy_points,recent_5_points_per_game,0.00771462345506024
boosting_absolute,target_total_fantasy_points,prior_year_positional_finish,0.006610356359275963
boosting_absolute,target_total_fantasy_points,career_points_per_game,0.0048321653647916745
boosting_absolute,target_total_fantasy_points,prior_year_weekly_std_dev,0.0025277406641544624
boosting_absolute,target_total_fantasy_points,prior_year_targets_per_game,0.001957163433246495
boosting_absolute,target_total_fantasy_points,years_experience,0.0012358237364339187
boosting_absolute,target_total_fantasy_points,prior_year_snap_share,0.0008581209902050053
boosting_absolute,target_total_fantasy_points,prior_team_pass_rate,0.0004933677404997968
boosting_absolute,target_total_fantasy_points,prior_year_injury_report_weeks,0.000422974545578712
boosting_absolute,target_total_fantasy_points,prior_year_coefficient_of_variation,0.00038143348951484574
boosting_absolute,target_total_fantasy_points,prior_year_opportunities_per_game,0.00038061853667979305
boosting_absolute,target_total_fantasy_points,prior_year_boom_week_rate,0.0003152432637067793
boosting_absolute,target_total_fantasy_points,prior_team_rush_rate,0.00030068358600990856
boosting_absolute,target_total_fantasy_points,recent_5_opportunities_per_game,0.00025904094660335206
boosting_absolute,target_total_fantasy_points,position_TE,0.0002565551949658162
boosting_absolute,target_total_fantasy_points,prior_year_snap_share_std_dev,0.00025464107979798365
boosting_absolute,target_total_fantasy_points,prior_year_usage_std_dev,0.0001367817731256133
boosting_absolute,target_total_fantasy_points,recent_production_trend,0.0
boosting_absolute,target_total_fantasy_points,prior_year_games_played,0.0
boosting_absolute,target_total_fantasy_points,career_seasons,0.0
boosting_absolute,target_total_fantasy_points,prior_year_games_missed_rate,0.0
boosting_absolute,target_total_fantasy_points,prior_year_games_missed,0.0
boosting_absolute,target_total_fantasy_points,multi_year_weighted_opportunities_per_game,0.0
boosting_absolute,target_total_fantasy_points,recent_usage_trend,0.0
boosting_absolute,target_total_fantasy_points,prior_year_bust_week_rate,0.0
boosting_absolute,target_total_fantasy_points,prior_year_expected_points_per_game,0.0
boosting_absolute,target_total_fantasy_points,prior_year_fantasy_points_over_expected,0.0
boosting_absolute,target_total_fantasy_points,prior_year_carries_per_game,0.0
boosting_absolute,target_total_fantasy_points,prior_year_passing_attempts_per_game,0.0
boosting_absolute,target_total_fantasy_points,prior_year_receptions_per_game,0.0
boosting_absolute,target_total_fantasy_points,missingindicator_prior_year_expected_fantasy_points,0.0
boosting_absolute,target_total_fantasy_points,prior_team_offensive_plays_per_game,0.0
boosting_absolute,target_total_fantasy_points,missingindicator_prior_year_expected_points_per_game,0.0
boosting_absolute,target_total_fantasy_points,missingindicator_prior_year_fantasy_points_over_expected,0.0
boosting_absolute,target_total_fantasy_points,missingindicator_prior_year_snap_share_std_dev,0.0
boosting_absolute,target_total_fantasy_points,missingindicator_prior_year_snap_share,0.0
boosting_absolute,target_total_fantasy_points,missingindicator_multi_year_weighted_snap_share,0.0
boosting_absolute,target_total_fantasy_points,position_QB,0.0
boosting_absolute,target_total_fantasy_points,position_RB,0.0
boosting_absolute,target_total_fantasy_points,position_WR,0.0
boosting_q50,target_total_fantasy_points,prior_year_total_fantasy_points,0.6165260113434968
boosting_q50,target_total_fantasy_points,age_x_prior_missed_rate,0.13106039734440064
boosting_q50,target_total_fantasy_points,prior_year_expected_fantasy_points,0.06477181550900435
boosting_q50,target_total_fantasy_points,multi_year_weighted_points_per_game,0.047142633701907265
boosting_q50,target_total_fantasy_points,age,0.04361125429289265
boosting_q50,target_total_fantasy_points,prior_year_replacement_adjusted_points,0.027681742503557667
boosting_q50,target_total_fantasy_points,prior_team_points_per_game,0.015874818934405958
boosting_q50,target_total_fantasy_points,career_games_missed_rate,0.008600290608243666
boosting_q50,target_total_fantasy_points,prior_year_points_per_game,0.008037125743202086
boosting_q50,target_total_fantasy_points,multi_year_weighted_snap_share,0.007756575859238668
boosting_q50,target_total_fantasy_points,recent_5_points_per_game,0.00771462345506024
boosting_q50,target_total_fantasy_points,prior_year_positional_finish,0.006610356359275963
boosting_q50,target_total_fantasy_points,career_points_per_game,0.0048321653647916745
boosting_q50,target_total_fantasy_points,prior_year_weekly_std_dev,0.0025277406641544624
boosting_q50,target_total_fantasy_points,prior_year_targets_per_game,0.001957163433246495
boosting_q50,target_total_fantasy_points,years_experience,0.0012358237364339187
boosting_q50,target_total_fantasy_points,prior_year_snap_share,0.0008581209902050053
boosting_q50,target_total_fantasy_points,prior_team_pass_rate,0.0004933677404997968
boosting_q50,target_total_fantasy_points,prior_year_injury_report_weeks,0.000422974545578712
boosting_q50,target_total_fantasy_points,prior_year_coefficient_of_variation,0.00038143348951484574
boosting_q50,target_total_fantasy_points,prior_year_opportunities_per_game,0.00038061853667979305
boosting_q50,target_total_fantasy_points,prior_year_boom_week_rate,0.0003152432637067793
boosting_q50,target_total_fantasy_points,prior_team_rush_rate,0.00030068358600990856
boosting_q50,target_total_fantasy_points,recent_5_opportunities_per_game,0.00025904094660335206
boosting_q50,target_total_fantasy_points,position_TE,0.0002565551949658162
boosting_q50,target_total_fantasy_points,prior_year_snap_share_std_dev,0.00025464107979798365
boosting_q50,target_total_fantasy_points,prior_year_usage_std_dev,0.0001367817731256133
boosting_q50,target_total_fantasy_points,recent_production_trend,0.0
boosting_q50,target_total_fantasy_points,prior_year_games_played,0.0
boosting_q50,target_total_fantasy_points,career_seasons,0.0
boosting_q50,target_total_fantasy_points,prior_year_games_missed_rate,0.0
boosting_q50,target_total_fantasy_points,prior_year_games_missed,0.0
boosting_q50,target_total_fantasy_points,multi_year_weighted_opportunities_per_game,0.0
boosting_q50,target_total_fantasy_points,recent_usage_trend,0.0
boosting_q50,target_total_fantasy_points,prior_year_bust_week_rate,0.0
boosting_q50,target_total_fantasy_points,prior_year_expected_points_per_game,0.0
boosting_q50,target_total_fantasy_points,prior_year_fantasy_points_over_expected,0.0
boosting_q50,target_total_fantasy_points,prior_year_carries_per_game,0.0
boosting_q50,target_total_fantasy_points,prior_year_passing_attempts_per_game,0.0
boosting_q50,target_total_fantasy_points,prior_year_receptions_per_game,0.0
boosting_q50,target_total_fantasy_points,missingindicator_prior_year_expected_fantasy_points,0.0
boosting_q50,target_total_fantasy_points,prior_team_offensive_plays_per_game,0.0
boosting_q50,target_total_fantasy_points,missingindicator_prior_year_expected_points_per_game,0.0
boosting_q50,target_total_fantasy_points,missingindicator_prior_year_fantasy_points_over_expected,0.0
boosting_q50,target_total_fantasy_points,missingindicator_prior_year_snap_share_std_dev,0.0
boosting_q50,target_total_fantasy_points,missingindicator_prior_year_snap_share,0.0
boosting_q50,target_total_fantasy_points,missingindicator_multi_year_weighted_snap_share,0.0
boosting_q50,target_total_fantasy_points,position_QB,0.0
boosting_q50,target_total_fantasy_points,position_RB,0.0
boosting_q50,target_total_fantasy_points,position_WR,0.0
