target,feature,importance
target_total_fantasy_points,prior_year_total_fantasy_points,0.417113282181341
target_total_fantasy_points,prior_year_expected_fantasy_points,0.12888763036746165
target_total_fantasy_points,multi_year_weighted_points_per_game,0.07755796300420802
target_total_fantasy_points,prior_year_points_per_game,0.04696201757241277
target_total_fantasy_points,age,0.033037645715582466
target_total_fantasy_points,prior_year_replacement_adjusted_points,0.023634544395454912
target_total_fantasy_points,career_points_per_game,0.01814222470808409
target_total_fantasy_points,recent_5_points_per_game,0.01308926116662857
target_total_fantasy_points,prior_team_points_per_game,0.012974725378008404
target_total_fantasy_points,recent_usage_trend,0.012360470391033617
target_total_fantasy_points,career_games_missed_rate,0.011946651936765388
target_total_fantasy_points,prior_year_expected_points_per_game,0.011589765028620178
target_total_fantasy_points,prior_year_snap_share_std_dev,0.011447207295629895
target_total_fantasy_points,prior_team_offensive_plays_per_game,0.010204551885371465
target_total_fantasy_points,prior_year_usage_std_dev,0.010196372567299414
target_total_fantasy_points,prior_year_fantasy_points_over_expected,0.010105191975885865
target_total_fantasy_points,prior_year_positional_finish,0.00987588166370584
target_total_fantasy_points,prior_year_weekly_std_dev,0.00923400186023167
target_total_fantasy_points,recent_production_trend,0.009014930707969585
target_total_fantasy_points,prior_team_pass_rate,0.008910869719276947
target_total_fantasy_points,age_x_prior_missed_rate,0.008886856671189864
target_total_fantasy_points,prior_team_rush_rate,0.008842943545805022
target_total_fantasy_points,multi_year_weighted_snap_share,0.008664297696573361
target_total_fantasy_points,prior_year_coefficient_of_variation,0.008517658645567647
target_total_fantasy_points,years_experience,0.007859967231479522
target_total_fantasy_points,prior_year_snap_share,0.007589404273427145
target_total_fantasy_points,prior_year_receptions_per_game,0.007514159689907983
target_total_fantasy_points,prior_year_carries_per_game,0.007390778039076015
target_total_fantasy_points,multi_year_weighted_opportunities_per_game,0.007377918022228929
target_total_fantasy_points,prior_year_targets_per_game,0.006961496105768422
target_total_fantasy_points,recent_5_opportunities_per_game,0.006043290005913172
target_total_fantasy_points,prior_year_bust_week_rate,0.005415328146224249
target_total_fantasy_points,prior_year_opportunities_per_game,0.00535471043146927
target_total_fantasy_points,prior_year_boom_week_rate,0.00466656325670045
target_total_fantasy_points,career_seasons,0.003264356685305415
target_total_fantasy_points,prior_year_injury_report_weeks,0.0025561876729459083
target_total_fantasy_points,prior_year_passing_attempts_per_game,0.0020231155896943756
target_total_fantasy_points,prior_year_games_missed_rate,0.0018848683067039576
target_total_fantasy_points,prior_year_games_played,0.0011381599592357133
target_total_fantasy_points,prior_year_games_missed,0.0009811080232228744
target_total_fantasy_points,position_WR,0.0003179555462273252
target_total_fantasy_points,position_TE,0.00023138993397228962
target_total_fantasy_points,position_RB,0.00021576158155551116
target_total_fantasy_points,position_QB,1.4257653637766263e-05
target_total_fantasy_points,missingindicator_prior_year_expected_fantasy_points,8.497223729053944e-07
target_total_fantasy_points,missingindicator_prior_year_expected_points_per_game,8.118752935780711e-07
target_total_fantasy_points,missingindicator_prior_year_fantasy_points_over_expected,6.161675296040795e-07
target_total_fantasy_points,missingindicator_multi_year_weighted_snap_share,0.0
target_total_fantasy_points,missingindicator_prior_year_snap_share,0.0
target_total_fantasy_points,missingindicator_prior_year_snap_share_std_dev,0.0
target_points_per_game,prior_year_total_fantasy_points,0.28989290876790874
target_points_per_game,prior_year_points_per_game,0.21586127573767896
target_points_per_game,multi_year_weighted_points_per_game,0.13495014664738597
target_points_per_game,prior_year_expected_fantasy_points,0.055546837518487886
target_points_per_game,age,0.029939685704493055
target_points_per_game,career_points_per_game,0.01787917054418525
target_points_per_game,prior_year_replacement_adjusted_points,0.016525381074998256
target_points_per_game,prior_year_expected_points_per_game,0.013119363200378398
target_points_per_game,prior_year_snap_share_std_dev,0.012716467963277517
target_points_per_game,prior_team_points_per_game,0.012123919932841913
target_points_per_game,recent_5_points_per_game,0.011703731095306443
target_points_per_game,career_games_missed_rate,0.01051282774171789
target_points_per_game,prior_year_positional_finish,0.010091927535984903
target_points_per_game,prior_year_usage_std_dev,0.009889270780761456
target_points_per_game,prior_year_weekly_std_dev,0.009886947397951396
target_points_per_game,prior_team_offensive_plays_per_game,0.009722035543269973
target_points_per_game,recent_usage_trend,0.009706737161394906
target_points_per_game,prior_year_fantasy_points_over_expected,0.009337139502516944
target_points_per_game,age_x_prior_missed_rate,0.009111861274022644
target_points_per_game,prior_year_snap_share,0.00827105347277381
target_points_per_game,multi_year_weighted_snap_share,0.007964449910654559
target_points_per_game,prior_year_coefficient_of_variation,0.007882409148692248
target_points_per_game,multi_year_weighted_opportunities_per_game,0.007783433817292266
target_points_per_game,years_experience,0.00701544328195805
target_points_per_game,prior_year_carries_per_game,0.006928530431046593
target_points_per_game,prior_team_pass_rate,0.006908004674033066
target_points_per_game,prior_team_rush_rate,0.006898385557481293
target_points_per_game,recent_production_trend,0.006678230841209388
target_points_per_game,recent_5_opportunities_per_game,0.006307734242245068
target_points_per_game,prior_year_opportunities_per_game,0.006187623204023357
target_points_per_game,prior_year_targets_per_game,0.005465413480455538
target_points_per_game,prior_year_receptions_per_game,0.005452143169451587
target_points_per_game,prior_year_bust_week_rate,0.004836227470705269
target_points_per_game,prior_year_boom_week_rate,0.0043002751372121124
target_points_per_game,career_seasons,0.0031586478449171303
target_points_per_game,prior_year_passing_attempts_per_game,0.0026472931489311927
target_points_per_game,prior_year_games_missed_rate,0.001908912882450973
target_points_per_game,prior_year_injury_report_weeks,0.0016524659063803435
target_points_per_game,prior_year_games_missed,0.0013387202389869733
target_points_per_game,prior_year_games_played,0.001137337198332553
target_points_per_game,position_WR,0.00025980642966026696
target_points_per_game,position_TE,0.00023901882812759568
target_points_per_game,position_RB,0.0002002756247785652
target_points_per_game,position_QB,5.796571393081827e-05
target_points_per_game,missingindicator_prior_year_fantasy_points_over_expected,8.141226078547956e-07
target_points_per_game,missingindicator_prior_year_expected_fantasy_points,5.92638113768505e-07
target_points_per_game,missingindicator_prior_year_snap_share,5.340075606499811e-07
target_points_per_game,missingindicator_prior_year_expected_points_per_game,4.1965984802269526e-07
target_points_per_game,missingindicator_multi_year_weighted_snap_share,2.027915766102215e-07
target_points_per_game,missingindicator_prior_year_snap_share_std_dev,0.0
target_games_played,prior_year_replacement_adjusted_points,0.22361991302643341
target_games_played,age_x_prior_missed_rate,0.14668122172858436
target_games_played,prior_year_total_fantasy_points,0.10827236442806251
target_games_played,age,0.03897471425959213
target_games_played,prior_team_points_per_game,0.026981907269252793
target_games_played,career_games_missed_rate,0.02467891136120041
target_games_played,prior_year_fantasy_points_over_expected,0.0227285344081188
target_games_played,prior_team_offensive_plays_per_game,0.020782088827673427
target_games_played,prior_year_positional_finish,0.01918702257170726
target_games_played,career_points_per_game,0.018636935647016396
target_games_played,prior_year_snap_share_std_dev,0.01785001708325246
target_games_played,recent_usage_trend,0.017034838593003847
target_games_played,multi_year_weighted_points_per_game,0.016480588506598025
target_games_played,prior_year_expected_points_per_game,0.01583248368636796
target_games_played,recent_5_points_per_game,0.015791481217034227
target_games_played,multi_year_weighted_opportunities_per_game,0.015726813183300565
target_games_played,prior_year_usage_std_dev,0.015444947430754618
target_games_played,multi_year_weighted_snap_share,0.01528416393053701
target_games_played,prior_year_weekly_std_dev,0.01496432896759336
target_games_played,prior_year_coefficient_of_variation,0.01466950742090401
target_games_played,prior_year_snap_share,0.014510623732575577
target_games_played,prior_team_pass_rate,0.01416387749154239
target_games_played,recent_production_trend,0.013959330706727517
target_games_played,prior_team_rush_rate,0.013947326475454255
target_games_played,prior_year_expected_fantasy_points,0.013285580003299829
target_games_played,years_experience,0.012420738369851643
target_games_played,prior_year_points_per_game,0.012093112875978154
target_games_played,prior_year_receptions_per_game,0.011449200452131722
target_games_played,prior_year_targets_per_game,0.011386342637659915
target_games_played,prior_year_opportunities_per_game,0.009427704594075
target_games_played,prior_year_carries_per_game,0.008566652576411416
target_games_played,prior_year_games_missed_rate,0.008362750031292054
target_games_played,recent_5_opportunities_per_game,0.0076908085941630455
target_games_played,prior_year_games_missed,0.007635207593534276
target_games_played,prior_year_bust_week_rate,0.007046396876482589
target_games_played,career_seasons,0.006449713356201715
target_games_played,prior_year_games_played,0.005797775653800789
target_games_played,prior_year_boom_week_rate,0.004047410273653733
target_games_played,prior_year_injury_report_weeks,0.0035412814243414442
target_games_played,position_TE,0.0016072594628578664
target_games_played,prior_year_passing_attempts_per_game,0.001541938565261978
target_games_played,position_WR,0.0008138205820114848
target_games_played,position_RB,0.0005172571711187169
target_games_played,position_QB,6.89064105372853e-05
target_games_played,missingindicator_prior_year_expected_points_per_game,2.417546059767073e-05
target_games_played,missingindicator_prior_year_fantasy_points_over_expected,1.5547095132524026e-05
target_games_played,missingindicator_prior_year_expected_fantasy_points,6.477986317758912e-06
target_games_played,missingindicator_multi_year_weighted_snap_share,0.0
target_games_played,missingindicator_prior_year_snap_share,0.0
target_games_played,missingindicator_prior_year_snap_share_std_dev,0.0
